url,name,address,city,state,phone
http://www.dennisdonovancpa.com/,Dennis P Donovan PC,"302 N Grand Ave Ste 10, Charles City, IA 50616",Charles City,IA,(641) 228-1061
https://www.dkarndtcpa.net/,DK Arndt - CPAs,"324 E Main St, Belmond, IA 50421",Belmond,IA,(641) 444-4042
http://www.koppenhavercpas.com/,"Koppenhaver & Associates, PC, Certified Public Accountants","204 Glenn St #1, Mt Vernon, IA 52314",Mt Vernon,IA,(319) 895-6001
http://www.iasiowa.com/,INTEGRATED ACCOUNTING SOLUTIONS INC,"816 Tower Park Dr, Waterloo, IA 50701",Waterloo,IA,(319) 296-7933
http://www.murknt.com/,Murken Thompson,"209 Rose Ave, Swisher, IA 52338",Swisher,IA,(319) 857-4638
http://www.burkhardtdawsoncpas.com/,"Burkhardt & Dawson, CPAs","793 N 2nd St, Cherokee, IA 51012",Cherokee,IA,(712) 225-5755
http://www.team-cpa.com/contact,"Team CPA, LLC","6739 Indian Creek Rd, Jesup, IA 50648",Jesup,IA,(319) 327-8254
https://www.emcinsurance.com/,EMC Insurance Co,"6032 Douglas St, Dunkerton, IA 50626",Dunkerton,IA,(319) 822-7010
http://www.bdrcpa.com/,Bower Dole & Riniker LLP,"306 Old Dubuque Rd, Anamosa, IA 52205",Anamosa,IA,(319) 462-3150
https://www.iacpa.org/find-a-firm/01122:sean-l-grant-cpa-llc,"Sean L. Grant, CPA","1460 Ansborough Ave, Waterloo, IA 50701",Waterloo,IA,(319) 233-4000
http://www.allenmitchellcpas.com/,"AllenMitchell, LLP","123 E 2nd St, Washington, IA 52353",Washington,IA,(319) 591-8770
https://theaccountinggroup.biz/,The Accounting Group,"2625 Falls Ave, Waterloo, IA 50701",Waterloo,IA,(319) 883-3500
https://www.lattaharris.com/,"LattaHarris, LLP","618 G Ave, Grundy Center, IA 50638",Grundy Center,IA,(319) 824-5221
http://www.cpa-bac.com/,BAC Certified Public Accountants,"1845 8th St SE, Dyersville, IA 52040",Dyersville,IA,(833) 222-2721
http://www.mcscpas.com/,"Murphy, Coe & Smith, PLLC.","621 Main St, Osage, IA 50461",Osage,IA,(641) 732-5841
http://www.goslingcpa.com/,"Gosling & Company, P.C.","217 N Franklin St, Manchester, IA 52057",Manchester,IA,(563) 927-4810
http://www.midiowacpas.com/,Mid-Iowa CPAs,"112 S 3rd St, Fort Dodge, IA 50501",Fort Dodge,IA,(515) 955-1989
